Workbook

Sheet MOIS 01 2026
A1: 901 (PRIMAIRE ET COLLEGIAL) | F1: 902 (QUALIFIANT)
A2: Le nombre des repas servis | F2: Le nombre des repas servis
A3: JOURS | B3: PETIT DEJ, | C3: DEJEUNER | D3: DINER | F3: JOURS | G3: PETIT DEJ, | H3: DEJEUNER | I3: DINER
A4: 46023 | B4: 366 | C4: 366 | D4: 366 | F4: 1 | G4: 5 | H4: 5 | I4: 5
A5: 46024 | B5: 366 | C5: 366 | D5: 366 | F5: 2 | G5: 5 | H5: 5 | I5: 5
A6: 46025 | B6: 366 | C6: 366 | D6: 366 | F6: 3 | G6: 5 | H6: 5 | I6: 5
A7: 46026 | B7: 340 | C7: 340 | D7: 350 | F7: 4 | G7: 1 | H7: 2 | I7: 3
A8: 46027 | B8: 360 | C8: 366 | D8: 366 | F8: 5 | G8: 5 | H8: 5 | I8: 5
A9: 46028 | B9: 366 | C9: 366 | D9: 366 | F9: 6 | G9: 5 | H9: 5 | I9: 5
A10: 46029 | B10: 366 | C10: 366 | D10: 366 | F10: 7 | G10: 5 | H10: 5 | I10: 5
A11: 46030 | B11: 366 | C11: 366 | D11: 366 | F11: 8 | G11: 5 | H11: 5 | I11: 5
A12: 46031 | B12: 366 | C12: 366 | D12: 366 | F12: 9 | G12: 5 | H12: 5 | I12: 5
A13: 46032 | B13: 366 | C13: 366 | D13: 366 | F13: 10 | G13: 5 | H13: 5 | I13: 5
A14: 46033 | B14: 340 | C14: 340 | D14: 350 | F14: 11 | G14: 1 | H14: 2 | I14: 3
A15: 46034 | B15: 360 | C15: 366 | D15: 366 | F15: 12 | G15: 5 | H15: 5 | I15: 5
... A33: 46052 | B33: 0 | C33: 0 | D33: 0 | F33: 30 | G33: 0 | H33: 0 | I33: 0
A34: 46053 | B34: 0 | C34: 0 | D34: 0
A35: TOTAL | B35: =SUM(B4:B34) -> 8688 | C35: =SUM(C4:C34) -> 8680 | D35: =SUM(D4:D34) -> 8700 | F35: TOTAL | G35: =SUM(G4:G34) -> 108 | H35: =SUM(H4:H34) -> 111 | I35: =SUM(I4:I34) -> 114

Sheet MOIS 02 2026
A1: 901 (PRIMAIRE ET COLLEGIAL) | F1: 902 (QUALIFIANT)
A2: Le nombre des repas servis | F2: Le nombre des repas servis
A3: JOURS | B3: PETIT DEJ, | C3: DEJEUNER | D3: DINER | F3: JOURS | G3: PETIT DEJ, | H3: DEJEUNER | I3: DINER
A4: 46054 | B4: 340 | C4: 340 | D4: 350 | F4: 1 | G4: 2 | H4: 2 | I4: 2
A5: 46055 | B5: 360 | C5: 366 | D5: 366 | F5: 2 | G5: 5 | H5: 5 | I5: 5
A6: 46056 | B6: 366 | C6: 366 | D6: 366 | F6: 3 | G6: 5 | H6: 5 | I6: 5
A7: 46057 | B7: 366 | C7: 366 | D7: 366 | F7: 4 | G7: 5 | H7: 5 | I7: 5
A8: 46058 | B8: 366 | C8: 366 | D8: 366 | F8: 5 | G8: 5 | H8: 5 | I8: 5
A9: 46059 | B9: 366 | C9: 366 | D9: 366 | F9: 6 | G9: 5 | H9: 5 | I9: 5
A10: 46060 | B10: 366 | C10: 366 | D10: 366 | F10: 7 | G10: 5 | H10: 5 | I10: 5
A11: 46061 | B11: 340 | C11: 340 | D11: 350 | F11: 8 | H11: 2 | I11: 3
A12: 46062 | B12: 360 | C12: 366 | D12: 366 | F12: 9 | G12: 5 | H12: 5 | I12: 5
A13: 46063 | B13: 366 | C13: 366 | D13: 366 | F13: 10 | G13: 5 | H13: 5 | I13: 5
A14: 46064 | B14: 366 | C14: 366 | D14: 366 | F14: 11 | G14: 5 | H14: 5 | I14: 5
A15: 46065 | B15: 366 | C15: 366 | D15: 366 | F15: 12 | G15: 5 | H15: 5 | I15: 5
A16: 46066 | B16: 366 | C16: 366 | D16: 366 | F16: 13 | G16: 5 | H16: 5 | I16: 5
A17: 46067 | B17: 366 | C17: 366 | D17: 366 | F17: 14 | G17: 5 | H17: 5 | I17: 5
A18: 46068 | B18: 340 | C18: 340 | D18: 350 | F18: 15 | G18: 2 | H18: 2 | I18: 4
A19: 46069 | B19: 360 | C19: 366 | D19: 366 | F19: 16 | G19: 5 | H19: 5 | I19: 5
A20: 46070 | B20: 366 | C20: 366 | D20: 366 | F20: 17 | G20: 5 | H20: 5 | I20: 5
A21: 46071 | B21: 366 | C21: 366 | D21: 366 | F21: 18 | G21: 5 | H21: 5 | I21: 5
A22: 46072 | F22: 19
A23: 46073 | F23: 20
A24: 46074 | F24: 21
A25: 46075 | F25: 22
A26: 46076 | F26: 23
A27: 46077 | F27: 24
A28: 46078 | F28: 25
A29: 46079 | F29: 26
A30: 46080 | F30: 27
A31: 46081 | F31: 28
A32: TOTAL | B32: =SUM(B4:B31) -> 6492 | C32: =SUM(C4:C31) -> 6510 | D32: =SUM(D4:D31) -> 6540 | F32: TOTAL | G32: =SUM(G4:G31) -> 79 | H32: =SUM(H4:H31) -> 81 | I32: =SUM(I4:I31) -> 84

Sheet MOIS 03 2026
A1: 901 (PRIMAIRE ET COLLEGIAL) | F1: 902 (QUALIFIANT) | K1: 901 (PRIMAIRE ET COLLEGIAL) | O1: 902 (QUALIFIANT)
A2: Le nombre des repas servis | F2: Le nombre des repas servis | K2: Le nombre des repas servis | O2: Le nombre des repas servis
A3: JOURS | B3: PETIT DEJ, | C3: DEJEUNER | D3: DINER | F3: JOURS | G3: PETIT DEJ, | H3: DEJEUNER | I3: DINER | K3: JOURS | L3: FTOUR | M3: SHOUR | O3: JOURS | P3: FTOUR | Q3: SHOUR
A4: 46082 | F4: 1 | K4: 1 | L4: 310 | M4: 310 | O4: 1 | P4: 2 | Q4: 2
A5: 46083 | F5: 2 | K5: 2 | L5: 310 | M5: 305 | O5: 2 | P5: 4 | Q5: 4
A6: 46084 | F6: 3 | K6: 3 | L6: 310 | M6: 295 | O6: 3 | P6: 4 | Q6: 4
A7: 46085 | F7: 4 | K7: 4 | L7: 310 | M7: 298 | O7: 4 | P7: 4 | Q7: 4
A8: 46086 | F8: 5 | K8: 5 | L8: 310 | M8: 300 | O8: 5 | P8: 4 | Q8: 4
A9: 46087 | F9: 6 | K9: 6 | L9: 310 | M9: 302 | O9: 6 | P9: 4 | Q9: 4
A10: 46088 | F10: 7 | K10: 7 | L10: 310 | M10: 292 | O10: 7 | P10: 4 | Q10: 4
A11: 46089 | F11: 8 | K11: 8 | L11: 200 | M11: 160 | O11: 8 | P11: 2 | Q11: 2
A12: 46090 | F12: 9 | K12: 9 | L12: 300 | M12: 300 | O12: 9 | P12: 4 | Q12: 4
A13: 46091 | F13: 10 | K13: 10 | L13: 310 | M13: 295 | O13: 10 | P13: 4 | Q13: 4
A14: 46092 | F14: 11 | K14: 11 | L14: 310 | M14: 301 | O14: 11 | P14: 4 | Q14: 4
A15: 46093 | F15: 12 | K15: 12 | L15: 310 | M15: 309 | O15: 12 | P15: 4 | Q15: 4
... A26: 46104 | F26: 23 | K26: 23 | L26: 310 | M26: 300 | O26: 23 | P26: 4 | Q26: 4
A27: 46105 | B27: 300 | C27: 300 | D27: 300 | F27: 24 | K27: 24 | L27: 310 | M27: 300 | O27: 24 | P27: 4 | Q27: 4
A28: 46106 | B28: 310 | C28: 310 | D28: 310 | F28: 25 | K28: 25 | O28: 25
A29: 46107 | B29: 310 | C29: 310 | D29: 310 | F29: 26 | K29: 26 | O29: 26
A30: 46108 | B30: 310 | C30: 310 | D30: 310 | F30: 27 | K30: 27 | O30: 27
A31: 46109 | B31: 310 | C31: 309 | D31: 290 | F31: 28 | K31: 28 | O31: 28
A32: 46110 | B32: 290 | C32: 290 | D32: 300 | F32: 29 | K32: 29 | O32: 29
A33: 46111 | B33: 300 | C33: 310 | D33: 310 | F33: 30 | K33: 30 | O33: 30
A34: 46112 | B34: 310 | C34: 310 | D34: 310 | F34: 31 | K34: 31 | O34: 31
A35: TOTAL | B35: =SUM(B4:B34) -> 2440 | C35: =SUM(C4:C34) -> 2449 | D35: =SUM(D4:D34) -> 2440 | F35: TOTAL | G35: =SUM(G4:G34) -> 0 | H35: =SUM(H4:H34) -> 0 | I35: =SUM(I4:I34) -> 0 | K35: TOTAL | L35: =SUM(L4:L34) -> 7101 | M35: =SUM(M4:M34) -> 6815 | O35: TOTAL | P35: =SUM(P4:P34) -> 88 | Q35: =SUM(Q4:Q34) -> 88

Sheet RECAP A IMPRIMER
A5: ANNEE: 2025-2026
A6: Attestation de réception
A7: LES MOIS: JANVIER-FEVRIER-MARS- 2026
A8: Nous soussignons :
A9: Nom et Prénom | E9: Fonction
A10: MOHAMED EL KHAMOUYE | E10: Le directeur de l’établissement
A11: ABDELLAH BOUCHOUARI | E11: Le gestionnaire des S.M.F
A13: Attestons que les prestations exécutés durant les mois :01-02-03 année 2026
A14: Ayant pour Objet : Prestation de restauration au profit de l’internat (cantine) du :
A15: …........................................................................................
A16: Ont été réellement exécutées par la Sté : AIT KHOUYA ELMAHDI
A17: Conformément aux spécifications techniques exigées par le marché N°:08/MDD-TIN/2023
A18: à hauteur des quantités suivantes :
A19: Le nombre des repas servis : | E19: PRIMAIRE ET COLLEGIAL
A20: N° Article | B20: Désignations des articles | D20: U.M | E20: Nbre de repas servis
A21: 1 | B21: Le Petit déjeuner | D21: U | E21: ='MOIS 01 2026'!B35+'MOIS 02 2026'!B32+'MOIS 03 2026'!B35 -> 17620
A22: 2 | B22: Le déjeuner | D22: U | E22: ='MOIS 01 2026'!C35+'MOIS 02 2026'!C32+'MOIS 03 2026'!C35 -> 17639
A23: 3 | B23: Le diner | D23: U | E23: ='MOIS 01 2026'!D35+'MOIS 02 2026'!D32+'MOIS 03 2026'!D35 -> 17680
A24: 4 | B24: Ftour | D24: U | E24: ='MOIS 03 2026'!L35 -> 7101
A25: 5 | B25: Shour | D25: U | E25: ='MOIS 03 2026'!M35 -> 6815
A28: Le nombre des repas servis : | E28: QUALIFANT
A29: N° Article | B29: Désignations des articles | D29: U.M | E29: Nbre de repas servis
A30: 1 | B30: Le Petit déjeuner | D30: U | E30: ='MOIS 01 2026'!G35+'MOIS 02 2026'!G32+'MOIS 03 2026'!G35 -> 187
B31: Le déjeuner | D31: U | E31: ='MOIS 01 2026'!H35+'MOIS 02 2026'!H32+'MOIS 03 2026'!H35 -> 192
B32: Le diner | D32: U | E32: ='MOIS 01 2026'!I35+'MOIS 02 2026'!I32+'MOIS 03 2026'!I35 -> 198
A33: 2 | B33: Ftour | D33: U | E33: ='MOIS 03 2026'!P35 -> 88
A34: 3 | B34: Shour | D34: U | E34: ='MOIS 03 2026'!Q35 -> 88
A36: Remarques :
A37: ............................................................................................................................................................................................
B38: Fait à IGHILE N'OUMGOUNE Le :30/03/2026
A40: Le Directeur de l’établissement | E40: Le Gestionnaire de S.M.F
A44: Contresigné par le directeur Provincial ;
